{"test_range": [305.0, 322.36842105263156, 339.7368421052632, 357.10526315789474, 374.4736842105263, 391.8421052631579, 409.2105263157895, 426.57894736842104, 443.9473684210526, 461.3157894736842, 478.6842105263158, 496.0526315789474, 513.421052631579, 530.7894736842105, 548.1578947368421, 565.5263157894738, 582.8947368421052, 600.2631578947369, 617.6315789473684, 635.0], "all_plates": [0.00290437654666582, 0.0028759886317359573, 0.0028434815199024827, 0.002796849267112888, 0.002781610341042053, 0.0027583262261904164, 0.002733620782512439, 0.002729089316764015, 0.002736068784020166, 0.0027331323090190934, 0.002753604978545362, 0.0027612338171035663, 0.002790216749820784, 0.002813885015079718, 0.0028471402817345083, 0.002891970248626, 0.0029420038917133086, 0.003000587438905143, 0.0030641445630311976, 0.003096356959900951], "front_plates": [0.004616650553837255, 0.005039467979061897, 0.005433503852793893, 0.005867027386598837, 0.006307556192059566, 0.006794679817301476, 0.007255072107262581, 0.007686831461733057, 0.00818870290091592, 0.008626474690908268, 0.009146634336111585, 0.009592908290954827, 0.010124458473933114, 0.010577296568151946, 0.01106433637814856, 0.011604203542782406, 0.012124792178547533, 0.012566340792488034, 0.01305308241209132, 0.013588180247302593], "select_plates": [0.005234015281944169, 0.005751339066465748, 0.006395066132303898, 0.007264109202439157, 0.00799905752248033, 0.008811656679923752, 0.009790060494716308, 0.010525538723125397, 0.011526925663200108, 0.01213139108122769, 0.013152056640672698, 0.014004537483821924, 0.014942017668468496, 0.01563918481548643, 0.01666274267913607, 0.017045574793297644, 0.018488754342448527, 0.0185337180756764, 0.020110592980485696, 0.02060948462241604]}