{"test_range": [285.0, 309.4736842105263, 333.9473684210526, 358.42105263157896, 382.89473684210526, 407.36842105263156, 431.8421052631579, 456.3157894736842, 480.7894736842105, 505.2631578947368, 529.7368421052631, 554.2105263157895, 578.6842105263158, 603.1578947368421, 627.6315789473684, 652.1052631578948, 676.578947368421, 701.0526315789473, 725.5263157894736, 750.0], "all_plates": [0.002397001982639666, 0.00235819744831271, 0.00229508750370514, 0.002256640468537672, 0.0022087988785248476, 0.0021729258293541956, 0.0021629870602503307, 0.002158013188522514, 0.0021509756724640075, 0.002165968109770296, 0.002188725222212043, 0.0022304604637110596, 0.0022778906603729563, 0.0023285006655781116, 0.0024021428468801445, 0.002456259440682002, 0.00252608398235635, 0.0026241455790688255, 0.002718893922926215, 0.0027957295948661076], "front_plates": [0.0043630156580487765, 0.004805268541371165, 0.005313169876998249, 0.0058070404852631355, 0.0062987715381029544, 0.006839790550978498, 0.0073509581425673124, 0.007860491559452556, 0.008453948399726782, 0.009001784355597916, 0.009542112124808582, 0.010138367612521789, 0.010707482059889794, 0.011265420130909882, 0.011798649467739458, 0.012343309585850575, 0.013003118909209984, 0.013557756627179231, 0.014076916499912226, 0.014709214478921605], "select_plates": [0.004568894983745275, 0.005337742305682282, 0.006275904238707399, 0.007250577717434937, 0.008274676010121237, 0.009378277060170062, 0.010507134101138599, 0.011634238446413227, 0.01264038941127524, 0.013845894562771157, 0.015045532261475971, 0.016060903755121043, 0.017281777084752873, 0.018404083276863853, 0.01941868136750837, 0.020607681794022094, 0.02192400546782677, 0.023166899090758444, 0.024328510623190247, 0.025434745446958108]}