{"test_range": [305.0, 322.36842105263156, 339.7368421052632, 357.10526315789474, 374.4736842105263, 391.8421052631579, 409.2105263157895, 426.57894736842104, 443.9473684210526, 461.3157894736842, 478.6842105263158, 496.0526315789474, 513.421052631579, 530.7894736842105, 548.1578947368421, 565.5263157894738, 582.8947368421052, 600.2631578947369, 617.6315789473684, 635.0], "all_plates": [0.026129592904681646, 0.027554967741013698, 0.028749217769631175, 0.029705881079000525, 0.030420216277341306, 0.030889216409529456, 0.031111612446625744, 0.031087861096698106, 0.030820114721092265, 0.030312173115377372, 0.029569418411163166, 0.028598735733152962, 0.02740842382910479, 0.026008102128985605, 0.024408624412439857, 0.022622016232293558, 0.020661467552144423, 0.018541444038285095, 0.016278058636352812, 0.013846658950213647], "front_plates": [0.0047087375632526044, 0.005049366391320564, 0.005408422794435421, 0.005782474833861146, 0.006168795055202327, 0.006565217896410137, 0.006970019597186665, 0.007381821664430891, 0.007799515170052355, 0.008222202121865045, 0.008649150290136126, 0.009079758422746156, 0.009513529399629714, 0.009950049430595135, 0.010388971852907773, 0.010830004438140858, 0.011272899386837664, 0.011717445391965035, 0.012163461303467939, 0.01261079103924094], "select_plates": [0.005203209687811121, 0.005839506680069417, 0.006532379798820823, 0.007254775802722965, 0.008011993590127246, 0.00878478810682324, 0.009572522599335517, 0.010371791255187033, 0.0111801184323444, 0.011995670986724742, 0.012817067777609298, 0.013643251415372775, 0.014463840204726415, 0.015306867851633564, 0.01614313814645917, 0.016981795617648128, 0.017822501739395064, 0.01866497820216377, 0.019508994214812832, 0.02035435686089548]}