{"test_range": [305.0, 322.36842105263156, 339.7368421052632, 357.10526315789474, 374.4736842105263, 391.8421052631579, 409.2105263157895, 426.57894736842104, 443.9473684210526, 461.3157894736842, 478.6842105263158, 496.0526315789474, 513.421052631579, 530.7894736842105, 548.1578947368421, 565.5263157894738, 582.8947368421052, 600.2631578947369, 617.6315789473684, 635.0], "both_plates": [0.0024011520264409308, 0.002368177130091475, 0.0023365036534926695, 0.002133088831272002, 0.0021203920145209543, 0.0021441442759856854, 0.0022189474966676425, 0.0020312577325762283, 0.0022619327002331006, 0.0021486357387497292, 0.002144287986892139, 0.0022225664429770505, 0.0020522948564179995, 0.0022149781799926833, 0.002302743732061788, 0.0023554105744588633, 0.0023007968531950154, 0.002176083047744261, 0.002238998552635377, 0.0022415492638694643], "front_plates": [0.005086257296076854, 0.005080712574828826, 0.0052126108407109925, 0.005857328749853578, 0.0060499932814379945, 0.006287584490177964, 0.0070903120373182445, 0.007135128037801918, 0.007152389740006812, 0.008187045578986227, 0.008448180495094517, 0.00859595574547279, 0.009070697292472289, 0.009506517279157422, 0.010053512817139088, 0.010857884795106595, 0.01160676522803309, 0.011232606431187953, 0.0119374618284753, 0.011714356635202977]}