{"test_range": [305.0, 322.36842105263156, 339.7368421052632, 357.10526315789474, 374.4736842105263, 391.8421052631579, 409.2105263157895, 426.57894736842104, 443.9473684210526, 461.3157894736842, 478.6842105263158, 496.0526315789474, 513.421052631579, 530.7894736842105, 548.1578947368421, 565.5263157894738, 582.8947368421052, 600.2631578947369, 617.6315789473684, 635.0], "all_plates": [0.0028143739535483286, 0.0026707165852315404, 0.0026068424179788658, 0.0026462836717834446, 0.002496884718921057, 0.00255191985521966, 0.002498886319605518, 0.002497840613194741, 0.0024906546135835084, 0.0025056693876142106, 0.0023847455862847965, 0.002453404894219492, 0.0025167638649752416, 0.0024728368819476494, 0.002534085064467871, 0.0025100309200032766, 0.0026483464167270363, 0.002626776457298933, 0.002690997307184899, 0.002744715879898114], "front_plates": [0.004647100411202373, 0.005078382833739618, 0.005518442406387487, 0.005788735042470163, 0.006345432017774654, 0.006729804258321907, 0.006923365261217063, 0.007470005947343954, 0.00783017033703163, 0.008471792401127764, 0.008546168480987815, 0.009056753238605861, 0.009152930561723806, 0.009302899404246688, 0.0109390106213314, 0.011131546619154048, 0.011540509576303561, 0.011972863400218053, 0.01202222556578829, 0.012480422885272466], "select_plates": [0.005425812982525973, 0.005794635585225842, 0.006474313373137595, 0.007295683321407302, 0.008132906482444571, 0.008989111778573514, 0.00942977763717995, 0.009949839274284146, 0.011101071700026251, 0.011770779676800616, 0.013218999964066377, 0.013572109428076672, 0.014038068623597057, 0.015059202435933805, 0.015546874170080438, 0.016384186540862468, 0.017507865258983017, 0.018848205168812786, 0.020063649212779904, 0.02051493173427924]}