{"test_range": [305.0, 322.36842105263156, 339.7368421052632, 357.10526315789474, 374.4736842105263, 391.8421052631579, 409.2105263157895, 426.57894736842104, 443.9473684210526, 461.3157894736842, 478.6842105263158, 496.0526315789474, 513.421052631579, 530.7894736842105, 548.1578947368421, 565.5263157894738, 582.8947368421052, 600.2631578947369, 617.6315789473684, 635.0], "both_plates": [0.0023495556684242414, 0.0023219280265741257, 0.00223958383233271, 0.0022524875656779976, 0.0021713415978563797, 0.002199571219972231, 0.0021540406421903225, 0.0021647500261104025, 0.002067753171743513, 0.0021130222571335484, 0.002075967290913031, 0.0021377364675132164, 0.002127501052100999, 0.002134910854893067, 0.0021872155793267955, 0.0021936839405493386, 0.0022117575714346496, 0.0022625138220398453, 0.0023135515020470533, 0.002364239092006427], "front_plates": [0.004655073371497976, 0.005097016030332309, 0.005424716231766679, 0.005825335371257272, 0.006111663496446798, 0.006527161419251632, 0.006832419613939733, 0.007310157076513759, 0.007498717673110429, 0.00800923552697462, 0.00838948174727111, 0.008645108524691138, 0.009215933381916482, 0.009334451073709222, 0.009985553777723522, 0.010354396857192928, 0.01085411017260922, 0.011289060304061568, 0.011502784161548723, 0.011953086669198585]}