{"test_range": [305.0, 322.36842105263156, 339.7368421052632, 357.10526315789474, 374.4736842105263, 391.8421052631579, 409.2105263157895, 426.57894736842104, 443.9473684210526, 461.3157894736842, 478.6842105263158, 496.0526315789474, 513.421052631579, 530.7894736842105, 548.1578947368421, 565.5263157894738, 582.8947368421052, 600.2631578947369, 617.6315789473684, 635.0], "both_plates": [0.0023583107680672406, 0.002338064448413756, 0.0022696874186840764, 0.002220025207265131, 0.002212169534166006, 0.0021778919968663242, 0.0021544726574385512, 0.0021519101997832584, 0.0021615591748280344, 0.0021589890694659578, 0.0021577748613219776, 0.0021492698009605987, 0.002154922641747305, 0.0021976878637308137, 0.0022322345055584528, 0.0022446947544840674, 0.002299138097187624, 0.002348657097173684, 0.0023731250462280954, 0.0024219586175133695], "front_plates": [0.00484150336693072, 0.005046941913311218, 0.005456125869671378, 0.005798896033491319, 0.006041629405787458, 0.006539637142014251, 0.006868736106290514, 0.007350719528918943, 0.007579691713648847, 0.007980796022752359, 0.008352532418666549, 0.0088794217496252, 0.00915662244811078, 0.009526601480102112, 0.009887316515434957, 0.010277595645339083, 0.010904063301691934, 0.011035210900440254, 0.011640588187292213, 0.011974282063944526]}